epoch,lr,train_loss,val_loss,val_tox_auc,test_tox_auc,test_loss,step,train_tox_auc
0.0,0.0005000000237487257,0.2560672461986542,0.22578375041484833,0.7613030076026917,0.7550011277198792,0.22622345387935638,378,
1.0,0.0005000000237487257,0.21934053301811218,0.21501469612121582,0.7909371852874756,0.7695462703704834,0.22311770915985107,757,0.6773586273193359
2.0,0.0005000000237487257,0.20613667368888855,0.21652036905288696,0.8049395680427551,,,1136,0.7611393332481384
